{
  "timestamp": "2025-07-04T01:36:55.025Z",
  "totalSupply": 885528769.5658823,
  "totalBurned": 114471230.43411767
}