{
  "timestamp": "2025-07-04T09:39:27.360Z",
  "totalSupply": 885528765.5143818,
  "totalBurned": 114471234.48561823
}