{
  "timestamp": "2025-07-04T06:55:36.523Z",
  "totalSupply": 885528765.5143818,
  "totalBurned": 114471234.48561823
}