{
  "timestamp": "2025-07-04T05:45:12.837Z",
  "totalSupply": 885528765.5143818,
  "totalBurned": 114471234.48561823
}