{
  "timestamp": "2025-07-04T03:53:49.107Z",
  "totalSupply": 885528765.5143818,
  "totalBurned": 114471234.48561823
}