{
  "timestamp": "2025-07-04T07:37:47.018Z",
  "totalSupply": 885528765.5143818,
  "totalBurned": 114471234.48561823
}