{
  "timestamp": "2025-07-04T04:55:28.481Z",
  "totalSupply": 885528765.5143818,
  "totalBurned": 114471234.48561823
}