{
  "timestamp": "2025-07-04T08:51:08.909Z",
  "totalSupply": 885528765.5143818,
  "totalBurned": 114471234.48561823
}