{
  "timestamp": "2025-07-04T14:18:10.346Z",
  "totalSupply": 885528765.5143818,
  "totalBurned": 114471234.48561823
}