{
  "timestamp": "2025-07-04T13:33:53.618Z",
  "totalSupply": 885528765.5143818,
  "totalBurned": 114471234.48561823
}